split by,portion,n_samples,percentage
sex,Male,1560.0,47.5609756097561
sex,Female,1720.0,52.4390243902439
response,Resonder,1625.0,49.542682926829265
response,Non-responder,1655.0,50.45731707317073
Project,1,1920.0,58.536585365853654
Project,3,1360.0,41.46341463414634
